epoch,time,train/box_loss,train/cls_loss,train/dfl_loss,metrics/precision(B),metrics/recall(B),metrics/mAP50(B),metrics/mAP50-95(B),val/box_loss,val/cls_loss,val/dfl_loss,lr/pg0,lr/pg1,lr/pg2
1,683.365,0.64359,0.64327,0.82719,0.99383,0.99045,0.99489,0.79103,0.87724,0.76092,0.84616,0.0703409,0.00329545,0.00329545
2,1461.04,0.60865,0.46725,0.82735,0.99358,0.99026,0.99461,0.85771,0.58825,0.47534,0.79683,0.0403393,0.00662717,0.00662717
3,2062.53,0.61842,0.46619,0.83212,0.99258,0.9913,0.99466,0.85389,0.58212,0.47697,0.80355,0.0103312,0.00995239,0.00995239
4,2657.72,0.52436,0.41005,0.81194,0.99215,0.99232,0.99425,0.89885,0.42649,0.39326,0.77815,0.00997803,0.00997803,0.00997803
5,3248.37,0.47342,0.34555,0.80502,0.99226,0.99283,0.99414,0.94055,0.36691,0.29763,0.77028,0.00996097,0.00996097,0.00996097
6,3870.79,0.41284,0.30874,0.79919,0.99292,0.99411,0.99481,0.93721,0.39429,0.28436,0.76895,0.00993906,0.00993906,0.00993906
